merchant_id,payment_method_type,payment_method,auth_type,card_issuer_bank_name,card_isin,gateway,t_txns,potential_sr,sr,potential_improvement,recommended_gateway,potential_pg_txns
com.swiggy,CARD,VISA,THREE_DS,HDFC Bank,485498,CYBERSOURCE,155707,93.02,90.0,3.02,PAYU,43
com.swiggy,CARD,MASTERCARD,THREE_DS,HDFC Bank,552365,RAZORPAY,42953,95.56,88.9,6.66,PAYU,45
com.swiggy,CARD,MASTERCARD,THREE_DS,HDFC Bank,552365,CYBERSOURCE,37529,95.56,88.9,6.66,PAYU,45
com.swiggy,CARD,VISA,THREE_DS,State Bank of Mauritius,484441,CYBERSOURCE,35177,92.21,82.48,9.73,PAYTM,77
com.swiggy,CARD,VISA,THREE_DS,ICICI Bank,401704,CYBERSOURCE,20824,71.22,68.16,3.06,RAZORPAY,22447
com.swiggy,CARD,MASTERCARD,THREE_DS,HDFC Bank,529186,RAZORPAY,15040,77.86,73.3,4.56,CYBERSOURCE,15411
com.swiggy,CARD,RUPAY,THREE_DS,Indian Bank,608023,PAYU,14106,70.29,58.83,11.46,RAZORPAY,15848
com.swiggy,CARD,VISA,THREE_DS,State Bank of Mauritius,484441,RAZORPAY,13603,92.21,72.15,20.06,PAYTM,77
com.swiggy,CARD,MASTERCARD,THREE_DS,IndusInd Bank,525622,RAZORPAY,11830,100.0,76.97,23.03,PAYU,33
com.swiggy,CARD,MASTERCARD,THREE_DS,Indian Bank,517271,CYBERSOURCE,10679,82.7,78.27,4.43,RAZORPAY,8221
com.swiggy,CARD,RUPAY,THREE_DS,Axis Bank,652236,RAZORPAY,10589,75.58,71.61,3.97,PAYU,31619
com.swiggy,CARD,MASTERCARD,THREE_DS,IndusInd Bank,525622,CYBERSOURCE,10453,100.0,78.16,21.84,PAYU,33
com.swiggy,CARD,RUPAY,THREE_DS,Union Bank Of India,607909,PAYU,8041,65.51,61.77,3.74,RAZORPAY,8090
com.swiggy,CARD,VISA,THREE_DS,Union Bank of India,452055,CYBERSOURCE,7510,78.51,73.5,5.01,RAZORPAY,9148
com.swiggy,CARD,VISA,THREE_DS,Andhra Bank,452011,CYBERSOURCE,7179,67.7,61.87,5.83,RAZORPAY,12813
com.swiggy,CARD,RUPAY,THREE_DS,Canara Bank,508925,RAZORPAY,6853,74.95,71.43,3.52,PAYU,6123
com.swiggy,CARD,VISA,THREE_DS,SOUTHCAROLINAF.C.U.,471219,RAZORPAY,6067,78.76,75.46,3.3,CYBERSOURCE,11462
com.swiggy,CARD,VISA,THREE_DS,IDFC Bank,401063,CYBERSOURCE,5652,86.66,82.17,4.49,RAZORPAY,6066
com.swiggy,CARD,VISA,THREE_DS,Bank of Maharashtra,471287,RAZORPAY,5060,72.2,33.58,38.62,PAYU,277
com.swiggy,CARD,VISA,THREE_DS,DBS Bank,463237,RAZORPAY,5057,85.72,82.36,3.36,CYBERSOURCE,10907
com.swiggy,NB,NB_PNB,THREE_DS,NB_PNB,,RAZORPAY,4829,35.29,29.51,5.78,PAYTM,867
com.swiggy,CARD,MASTERCARD,THREE_DS,Punjab National Bank,512652,CYBERSOURCE,4773,66.39,54.91,11.48,RAZORPAY,11287
com.swiggy,CARD,MASTERCARD,THREE_DS,ICICI Bank,559405,CYBERSOURCE,4599,85.13,81.84,3.29,RAZORPAY,5394
com.swiggy,CARD,VISA,THREE_DS,South Indian Bank,437549,RAZORPAY,4579,53.01,31.97,21.04,PAYU,249
com.swiggy,CARD,RUPAY,THREE_DS,Indian Overseas Bank,652209,PAYU,4276,73.66,68.19,5.47,RAZORPAY,5546
com.swiggy,CARD,RUPAY,THREE_DS,Bank of India,606998,RAZORPAY,4237,76.47,71.11,5.36,PAYU,12956
com.swiggy,CARD,RUPAY,THREE_DS,Karur Vysya Bankas,608120,RAZORPAY,4093,69.36,66.24,3.12,PAYU,12283
com.swiggy,CARD,VISA,THREE_DS,SBI,403250,RAZORPAY,4028,90.63,86.87,3.76,CYBERSOURCE,5008
com.swiggy,CARD,MASTERCARD,THREE_DS,Punjab National Bank,557554,CYBERSOURCE,3928,64.82,60.39,4.43,RAZORPAY,5074
com.swiggy,CARD,RUPAY,THREE_DS,Karnataka Bank,607270,RAZORPAY,3820,69.18,64.82,4.36,PAYU,11255
com.swiggy,CARD,RUPAY,THREE_DS,Union Bank of India,652202,RAZORPAY,3778,81.65,76.34,5.31,PAYU,11637
com.swiggy,CARD,VISA,THREE_DS,South Indian Bank,437549,CYBERSOURCE,3710,53.01,31.51,21.5,PAYU,249
com.swiggy,CARD,RUPAY,THREE_DS,IDBI Bank,652262,RAZORPAY,3621,79.22,73.99,5.23,PAYU,11074
com.swiggy,CARD,RUPAY,THREE_DS,Bank of Maharashtra,652229,RAZORPAY,3336,76.03,70.5,5.53,PAYU,9996
com.swiggy,CARD,RUPAY,THREE_DS,Canara Bank,652260,RAZORPAY,3239,67.0,62.46,4.54,PAYU,9593
com.swiggy,CARD,RUPAY,THREE_DS,Paytm,608032,PAYU,3191,68.01,63.65,4.36,RAZORPAY,3042
com.swiggy,CARD,RUPAY,THREE_DS,UCO Bank,607066,PAYU,3120,72.52,68.62,3.9,RAZORPAY,3686
com.swiggy,CARD,VISA,THREE_DS,Bank of Maharashtra,471287,CYBERSOURCE,2987,72.2,34.85,37.35,PAYU,277
com.swiggy,CARD,RUPAY,THREE_DS,Bank of Baroda,607089,RAZORPAY,2895,78.43,74.02,4.41,PAYU,2879
com.swiggy,CARD,MASTERCARD,THREE_DS,ICICI Bank,534424,CYBERSOURCE,2783,85.58,82.46,3.12,RAZORPAY,2649
com.swiggy,CARD,RUPAY,THREE_DS,Indian Overseas Bank,652183,PAYU,2736,72.54,69.23,3.31,RAZORPAY,3084
com.swiggy,CARD,RUPAY,THREE_DS,Bank of Maharashtra,652155,RAZORPAY,2503,74.42,70.36,4.06,PAYU,7694
com.swiggy,CARD,VISA,THREE_DS,ICICI Bank,403562,CYBERSOURCE,2482,81.0,77.48,3.52,RAZORPAY,4804
com.swiggy,CARD,MASTERCARD,THREE_DS,ICICI Bank,559725,CYBERSOURCE,2376,84.6,81.57,3.03,RAZORPAY,2675
com.swiggy,CARD,MASTERCARD,THREE_DS,Bank of India,542034,RAZORPAY,2166,81.6,77.93,3.67,CYBERSOURCE,674
com.swiggy,CARD,VISA,THREE_DS,Canara Bank,468778,RAZORPAY,2042,83.38,78.35,5.03,CYBERSOURCE,2732
com.swiggy,CARD,RUPAY,THREE_DS,Bandhan Bank Ltdas,508968,RAZORPAY,2019,73.66,70.63,3.03,PAYU,5923
com.swiggy,CARD,MASTERCARD,THREE_DS,IndusInd Bank,527898,CYBERSOURCE,2008,79.26,75.9,3.36,RAZORPAY,2864
com.swiggy,NB,NB_SOIB,THREE_DS,NB_SOIB,,RAZORPAY,1993,58.96,54.99,3.97,PAYTM,346
com.swiggy,CARD,MASTERCARD,THREE_DS,Axis Bank,536621,RAZORPAY,1992,84.68,81.07,3.61,CYBERSOURCE,1142
com.swiggy,CARD,VISA,THREE_DS,Allahabad Bank,432199,RAZORPAY,1894,81.99,75.08,6.91,CYBERSOURCE,2759
com.swiggy,CARD,RUPAY,THREE_DS,Indian Bank,608171,PAYU,1840,74.38,59.78,14.6,RAZORPAY,2545
com.swiggy,CARD,RUPAY,THREE_DS,Punjab National Bank,508546,RAZORPAY,1825,57.75,54.36,3.39,PAYU,1839
com.swiggy,CARD,RUPAY,THREE_DS,Canara Bank,608221,RAZORPAY,1824,56.82,53.51,3.31,PAYU,5685
com.swiggy,CARD,RUPAY,THREE_DS,Saraswat Bank,652256,RAZORPAY,1740,73.07,65.29,7.78,PAYU,5362
com.swiggy,CARD,VISA,THREE_DS,SBI,400667,RAZORPAY,1603,89.2,84.97,4.23,CYBERSOURCE,1157
com.swiggy,CARD,MASTERCARD,THREE_DS,Karur Vysya Bank,517877,RAZORPAY,1600,74.13,69.44,4.69,CYBERSOURCE,1318
com.swiggy,CARD,RUPAY,THREE_DS,Union Bank of India,608332,RAZORPAY,1580,77.68,71.84,5.84,PAYU,4759
com.swiggy,CARD,MASTERCARD,THREE_DS,Tamilnad Mercantile Bank,554971,RAZORPAY,1571,73.66,67.92,5.74,CYBERSOURCE,1397
com.swiggy,CARD,VISA,THREE_DS,Axis Bank,471860,RAZORPAY,1520,83.04,79.87,3.17,CYBERSOURCE,2311
com.swiggy,CARD,VISA,THREE_DS,The Shamrao Vithal Cooperative Bank,437899,RAZORPAY,1506,79.15,75.1,4.05,CYBERSOURCE,1180
com.swiggy,CARD,RUPAY,THREE_DS,South Indian Bank,652203,RAZORPAY,1475,77.42,74.31,3.11,PAYU,4344
com.swiggy,CARD,MASTERCARD,THREE_DS,HDFC Bank,512968,CYBERSOURCE,1467,90.4,87.05,3.35,RAZORPAY,708
com.swiggy,CARD,MASTERCARD,THREE_DS,RBL Bank,512293,CYBERSOURCE,1456,85.98,82.9,3.08,RAZORPAY,1255
com.swiggy,CARD,MASTERCARD,THREE_DS,EUROPAYNORGE.A.S.,525352,RAZORPAY,1446,81.41,78.28,3.13,CYBERSOURCE,1264
com.swiggy,CARD,MASTERCARD,THREE_DS,Axis Bank,529618,CYBERSOURCE,1405,76.17,72.81,3.36,RAZORPAY,2505
com.swiggy,CARD,RUPAY,THREE_DS,Indian Bank,607123,PAYU,1394,75.25,63.2,12.05,RAZORPAY,1733
com.swiggy,CARD,VISA,THREE_DS,SBI,459162,RAZORPAY,1394,85.83,81.21,4.62,CYBERSOURCE,1115
com.swiggy,CARD,RUPAY,THREE_DS,Bank of India,652165,RAZORPAY,1362,78.7,72.76,5.94,PAYU,4151
com.swiggy,NB,NB_CANR,THREE_DS,NB_CANR,,PAYTM,1337,43.63,39.12,4.51,PAYU,2065
com.swiggy,CARD,VISA,THREE_DS,City Union Bank,457357,RAZORPAY,1327,75.29,69.93,5.36,CYBERSOURCE,1975
com.swiggy,CARD,VISA,THREE_DS,ICICI Bank,434302,CYBERSOURCE,1315,72.1,67.45,4.65,RAZORPAY,2179
com.swiggy,NB,NB_PNB,THREE_DS,NB_PNB,,PAYU,1306,35.29,27.03,8.26,PAYTM,867
com.swiggy,CARD,RUPAY,THREE_DS,UCO Bank,652261,PAYU,1285,69.82,64.75,5.07,RAZORPAY,1564
com.swiggy,CARD,VISA,THREE_DS,Andhra Bank,437378,CYBERSOURCE,1267,83.16,80.03,3.13,RAZORPAY,3433
com.swiggy,CARD,MASTERCARD,THREE_DS,Bank of Baroda,536018,RAZORPAY,1255,76.44,62.31,14.13,CYBERSOURCE,4899
com.swiggy,CARD,MASTERCARD,THREE_DS,Axis Bank,529629,RAZORPAY,1251,90.04,86.81,3.23,CYBERSOURCE,231
com.swiggy,CARD,RUPAY,THREE_DS,Canara Bank,608031,RAZORPAY,1240,64.79,61.45,3.34,PAYU,960
com.swiggy,NB,NB_YESB,THREE_DS,NB_YESB,,PAYU,1153,59.02,55.33,3.69,PAYTM,776
com.swiggy,CARD,RUPAY,THREE_DS,Rbl Bank,608271,PAYU,1136,67.13,63.47,3.66,RAZORPAY,435
com.swiggy,CARD,VISA,THREE_DS,HSBC Bank,461721,RAZORPAY,1136,87.29,81.43,5.86,CYBERSOURCE,1322
com.swiggy,CARD,MASTERCARD,THREE_DS,Bank of Baroda,527253,RAZORPAY,1091,76.7,45.55,31.15,CYBERSOURCE,11275
com.swiggy,CARD,RUPAY,THREE_DS,Saraswat Bank,652150,RAZORPAY,1057,76.3,70.01,6.29,PAYU,3316
com.swiggy,CARD,VISA,THREE_DS,Bank of India,434071,RAZORPAY,1056,81.84,75.76,6.08,CYBERSOURCE,424
com.swiggy,CARD,MASTERCARD,THREE_DS,South Indian Bank,559726,CYBERSOURCE,1038,78.24,74.57,3.67,RAZORPAY,3051
com.swiggy,CARD,MASTERCARD,THREE_DS,SBI,531858,RAZORPAY,1035,91.17,87.83,3.34,CYBERSOURCE,317
com.swiggy,CARD,RUPAY,THREE_DS,SBI,607532,PAYU,1031,58.44,54.03,4.41,RAZORPAY,1605
com.swiggy,CARD,VISA,THREE_DS,IDBI Bank,485068,RAZORPAY,990,81.94,78.08,3.86,CYBERSOURCE,731
com.swiggy,CARD,RUPAY,THREE_DS,Bank of Baroda,652196,RAZORPAY,989,77.03,70.88,6.15,PAYU,2847
com.swiggy,CARD,MASTERCARD,THREE_DS,ZIPCASH CARD SERVICES PVT LTD,547734,RAZORPAY,946,80.05,75.9,4.15,CYBERSOURCE,1258
com.swiggy,CARD,MASTERCARD,THREE_DS,Bank of Baroda,527753,CYBERSOURCE,929,86.56,82.99,3.57,RAZORPAY,2255
com.swiggy,CARD,RUPAY,THREE_DS,Indian Bank,652204,PAYU,865,76.87,62.31,14.56,RAZORPAY,1055
com.swiggy,CARD,VISA,THREE_DS,ICICI Bank,409642,CYBERSOURCE,861,88.93,83.04,5.89,RAZORPAY,1355
com.swiggy,CARD,RUPAY,THREE_DS,Indian Bank,817335,PAYU,844,62.36,57.11,5.25,RAZORPAY,271
com.swiggy,CARD,RUPAY,THREE_DS,Abhyudaya Cooperative Bank,608229,RAZORPAY,821,66.1,62.48,3.62,PAYU,2537
com.swiggy,CARD,RUPAY,THREE_DS,Jana Small Finance Bank,652268,PAYU,812,73.88,68.72,5.16,RAZORPAY,245
com.swiggy,CARD,VISA,THREE_DS,DCB,455484,CYBERSOURCE,799,77.15,70.46,6.69,RAZORPAY,1978
com.swiggy,CARD,VISA,THREE_DS,Syndicate Bank,409031,RAZORPAY,782,71.37,65.22,6.15,CYBERSOURCE,957
com.swiggy,CARD,RUPAY,THREE_DS,Bank of Baroda,607589,RAZORPAY,781,78.4,74.9,3.5,PAYU,2347
com.swiggy,CARD,VISA,THREE_DS,Indian Bank,432809,CYBERSOURCE,755,82.8,79.07,3.73,RAZORPAY,1006
com.swiggy,CARD,RUPAY,THREE_DS,HDFC Bank,652400,RAZORPAY,724,85.2,80.52,4.68,PAYU,2129
com.swiggy,CARD,RUPAY,THREE_DS,Canara Bank,652213,PAYU,707,68.56,62.8,5.76,RAZORPAY,722
com.swiggy,CARD,VISA,THREE_DS,ICICI Bank,420084,CYBERSOURCE,699,87.65,84.55,3.1,RAZORPAY,899
com.swiggy,CARD,RUPAY,THREE_DS,ESAF Small Finance Bank,508992,PAYU,691,64.35,60.78,3.57,RAZORPAY,230
com.swiggy,CARD,RUPAY,THREE_DS,Gp Parsik Sahakari Bank,508951,PAYU,670,65.55,61.49,4.06,RAZORPAY,238
com.swiggy,CARD,VISA,THREE_DS,Canara Bank,477037,RAZORPAY,652,86.94,82.52,4.42,CYBERSOURCE,1638
com.swiggy,CARD,MASTERCARD,THREE_DS,Central Bank of India,519608,CYBERSOURCE,646,81.27,74.15,7.12,RAZORPAY,726
com.swiggy,CARD,MASTERCARD,THREE_DS,Citi Bank,512525,CYBERSOURCE,644,88.85,85.4,3.45,RAZORPAY,269
com.swiggy,CARD,VISA,THREE_DS,HDFC Bank,488994,RAZORPAY,640,90.33,84.84,5.49,CYBERSOURCE,362
com.swiggy,CARD,VISA,THREE_DS,Saraswat Bank,419937,RAZORPAY,637,53.02,31.24,21.78,PAYU,315
com.swiggy,CARD,VISA,THREE_DS,Indian Overseas Bank,471246,RAZORPAY,612,79.19,71.24,7.95,CYBERSOURCE,1206
com.swiggy,NB,NB_CUB,THREE_DS,NB_CUB,,PAYTM,595,77.57,74.12,3.45,PAYU,1061
com.swiggy,CARD,MASTERCARD,THREE_DS,Canara Bank,524446,RAZORPAY,586,81.55,74.91,6.64,CYBERSOURCE,477
com.swiggy,CARD,RUPAY,THREE_DS,Bank of Baroda,508781,RAZORPAY,554,77.66,71.66,6.0,PAYU,1598
com.swiggy,CARD,VISA,THREE_DS,Punjab National Bank,419789,CYBERSOURCE,547,77.7,71.3,6.4,RAZORPAY,704
com.swiggy,CARD,VISA,THREE_DS,ICICI Bank,486410,RAZORPAY,546,88.78,84.43,4.35,CYBERSOURCE,615
com.swiggy,CARD,RUPAY,THREE_DS,The Cosmos Cooperative Bank,608194,RAZORPAY,544,79.8,74.26,5.54,PAYU,1678
com.swiggy,CARD,MASTERCARD,THREE_DS,YES Bank,529617,RAZORPAY,542,84.27,76.38,7.89,CYBERSOURCE,763
com.swiggy,NB,NB_SOIB,THREE_DS,NB_SOIB,,PAYU,538,58.96,54.83,4.13,PAYTM,346
com.swiggy,CARD,RUPAY,THREE_DS,SBI,652889,PAYU,537,87.9,82.5,5.4,RAZORPAY,124
com.swiggy,CARD,RUPAY,THREE_DS,YES Bank,508861,PAYU,527,79.08,74.38,4.7,RAZORPAY,392
com.swiggy,CARD,MASTERCARD,THREE_DS,Citi Bank,531662,RAZORPAY,522,85.15,80.27,4.88,CYBERSOURCE,734
com.swiggy,CARD,VISA,THREE_DS,SBI,459165,RAZORPAY,502,90.42,85.46,4.96,CYBERSOURCE,167
com.swiggy,CARD,RUPAY,THREE_DS,The Catholic Syrian Bank,652232,RAZORPAY,497,77.7,73.84,3.86,PAYU,1637
com.swiggy,CARD,MASTERCARD,THREE_DS,ICICI Bank,537654,CYBERSOURCE,492,89.74,85.16,4.58,RAZORPAY,156
com.swiggy,CARD,VISA,THREE_DS,Bank of India,457624,RAZORPAY,487,83.98,80.7,3.28,CYBERSOURCE,337
com.swiggy,CARD,RUPAY,THREE_DS,Dombivli Nagari Sahakari Bank,607055,PAYU,485,63.24,59.18,4.06,RAZORPAY,136
com.swiggy,CARD,MASTERCARD,THREE_DS,ICICI Bank,524482,CYBERSOURCE,481,83.33,79.21,4.12,RAZORPAY,366
com.swiggy,CARD,RUPAY,THREE_DS,TJSB Sahakari Bank,608227,RAZORPAY,480,75.07,71.46,3.61,PAYU,1460
com.swiggy,CARD,RUPAY,THREE_DS,Axis Bank,652190,RAZORPAY,468,81.62,77.99,3.63,PAYU,1420
com.swiggy,CARD,MASTERCARD,THREE_DS,Punjab and Sind Bank,512953,RAZORPAY,465,70.73,66.24,4.49,CYBERSOURCE,861
com.swiggy,CARD,VISA,THREE_DS,Kotak Mahindra Bank,428306,CYBERSOURCE,462,87.66,84.63,3.03,RAZORPAY,235
com.swiggy,CARD,RUPAY,THREE_DS,Bank of Baroda,652159,RAZORPAY,461,75.53,72.02,3.51,PAYU,1414
com.swiggy,CARD,MASTERCARD,THREE_DS,Bank of India,519622,RAZORPAY,441,74.12,66.89,7.23,CYBERSOURCE,738
com.swiggy,CARD,RUPAY,THREE_DS,Axis Bank,608074,PAYU,436,61.74,53.44,8.3,RAZORPAY,149
com.swiggy,CARD,VISA,THREE_DS,IDBI Bank,432099,CYBERSOURCE,435,79.84,76.55,3.29,RAZORPAY,774
com.swiggy,CARD,VISA,THREE_DS,Axis Bank,421006,RAZORPAY,428,78.6,72.2,6.4,CYBERSOURCE,874
com.swiggy,CARD,VISA,THREE_DS,Union Bank of India,461765,CYBERSOURCE,425,78.65,74.12,4.53,RAZORPAY,951
com.swiggy,CARD,MASTERCARD,THREE_DS,RBL Bank,532571,CYBERSOURCE,416,55.69,43.99,11.7,RAZORPAY,17933
com.swiggy,CARD,VISA,THREE_DS,HSBC Bank,461716,CYBERSOURCE,409,82.85,78.0,4.85,RAZORPAY,1178
com.swiggy,NB,NB_CBI,THREE_DS,NB_CBI,,PAYTM,403,33.8,28.29,5.51,PAYU,568
com.swiggy,CARD,RUPAY,THREE_DS,HDFC Bank,608027,RAZORPAY,400,79.69,74.75,4.94,PAYU,1167
com.swiggy,CARD,MASTERCARD,THREE_DS,Citi Bank,552790,RAZORPAY,399,86.17,82.46,3.71,CYBERSOURCE,846
com.swiggy,CARD,VISA,THREE_DS,ICICI Bank,434301,CYBERSOURCE,398,79.73,73.62,6.11,RAZORPAY,671
com.swiggy,CARD,RUPAY,THREE_DS,Apna Sahakari Bank,607101,PAYU,394,75.18,69.54,5.64,RAZORPAY,141
com.swiggy,CARD,VISA,THREE_DS,ICICI Bank,420049,RAZORPAY,387,87.5,82.43,5.07,CYBERSOURCE,584
com.swiggy,CARD,MASTERCARD,THREE_DS,SBI,519254,RAZORPAY,385,82.55,74.03,8.52,CYBERSOURCE,470
com.swiggy,CARD,VISA,THREE_DS,ICICI Bank,413531,RAZORPAY,384,88.39,84.38,4.01,CYBERSOURCE,336
com.swiggy,CARD,VISA,THREE_DS,Saraswat Bank,419937,CYBERSOURCE,384,53.02,29.69,23.33,PAYU,315
com.swiggy,CARD,RUPAY,THREE_DS,UCO Bank,608225,PAYU,372,52.95,48.39,4.56,RAZORPAY,440
com.swiggy,CARD,VISA,THREE_DS,CITI Bank,409304,CYBERSOURCE,354,65.94,36.72,29.22,PAYU,138
com.swiggy,CARD,MASTERCARD,THREE_DS,Canara Bank,528678,RAZORPAY,354,82.66,79.38,3.28,CYBERSOURCE,496
com.swiggy,CARD,RUPAY,THREE_DS,South Indian Bank,652187,RAZORPAY,350,76.47,61.43,15.04,PAYU,1177
com.swiggy,CARD,RUPAY,THREE_DS,City Union Bank,508545,RAZORPAY,342,67.16,63.45,3.71,PAYU,941
com.swiggy,CARD,MASTERCARD,THREE_DS,Axis Bank,527114,RAZORPAY,340,93.19,86.47,6.72,CYBERSOURCE,191
com.swiggy,NB,NB_KARN,THREE_DS,NB_KARN,,PAYU,334,16.59,12.28,4.31,PAYTM,205
com.swiggy,CARD,RUPAY,THREE_DS,Union Bank of India,652851,PAYU,330,84.0,78.48,5.52,RAZORPAY,75
com.swiggy,CARD,VISA,THREE_DS,SBI,459187,RAZORPAY,329,79.41,75.99,3.42,CYBERSOURCE,442
com.swiggy,CARD,RUPAY,THREE_DS,Citizen Credit Cooperative Bank,607327,RAZORPAY,327,74.97,69.42,5.55,PAYU,923
com.swiggy,CARD,VISA,THREE_DS,Bandhan Bank,437312,CYBERSOURCE,326,79.34,73.93,5.41,RAZORPAY,334
com.swiggy,CARD,RUPAY,THREE_DS,Pine Labs,608363,PAYU,321,64.44,58.88,5.56,RAZORPAY,90
com.swiggy,CARD,VISA,THREE_DS,Axis Bank,436470,PAYU,315,37.55,26.35,11.2,CYBERSOURCE,916
com.swiggy,CARD,VISA,THREE_DS,SBI,459175,CYBERSOURCE,306,87.36,84.31,3.05,RAZORPAY,269
com.swiggy,CARD,RUPAY,THREE_DS,The Shamrao Vithal Cooperative Bank,652194,RAZORPAY,303,68.57,63.7,4.87,PAYU,961
com.swiggy,CARD,VISA,THREE_DS,Axis Bank,417380,RAZORPAY,286,84.88,81.12,3.76,CYBERSOURCE,86
com.swiggy,CARD,RUPAY,THREE_DS,IDBI Bank,652255,RAZORPAY,285,71.96,67.72,4.24,PAYU,881
com.swiggy,CARD,VISA,THREE_DS,Indian Overseas Bank,470964,CYBERSOURCE,282,81.16,76.6,4.56,RAZORPAY,722
com.swiggy,CARD,RUPAY,THREE_DS,IDBI Bank,608008,PAYU,278,79.69,74.82,4.87,RAZORPAY,64
com.swiggy,CARD,RUPAY,THREE_DS,Indian Overseas Bank,608095,RAZORPAY,278,61.99,57.19,4.8,PAYU,271
com.swiggy,CARD,RUPAY,THREE_DS,Indian Overseas Bank,652292,RAZORPAY,277,49.44,45.85,3.59,PAYU,797
com.swiggy,CARD,VISA,THREE_DS,IDBI Bank,400815,RAZORPAY,277,84.97,79.78,5.19,CYBERSOURCE,173
com.swiggy,CARD,MASTERCARD,THREE_DS,Federal Bank,515630,CYBERSOURCE,274,84.04,79.56,4.48,RAZORPAY,401
com.swiggy,CARD,RUPAY,THREE_DS,Canara Bank,652885,PAYU,274,70.49,61.31,9.18,RAZORPAY,61
com.swiggy,CARD,VISA,THREE_DS,HDFC Bank,461786,RAZORPAY,274,96.88,87.23,9.65,CYBERSOURCE,64
com.swiggy,CARD,VISA,THREE_DS,Vijaya Bank,483810,CYBERSOURCE,273,84.32,78.39,5.93,RAZORPAY,338
com.swiggy,CARD,MASTERCARD,THREE_DS,Jammu and Kashmir Bank,531453,RAZORPAY,272,79.03,74.26,4.77,CYBERSOURCE,310
com.swiggy,CARD,MASTERCARD,THREE_DS,Corporation Bank,510820,RAZORPAY,270,73.93,69.63,4.3,CYBERSOURCE,468
com.swiggy,CARD,RUPAY,THREE_DS,Punjab National Bank,607041,RAZORPAY,268,70.12,63.81,6.31,PAYU,251
com.swiggy,CARD,RUPAY,THREE_DS,Tamil Nadu State Apex Coop Bank,607131,RAZORPAY,268,76.87,70.15,6.72,PAYU,748
com.swiggy,CARD,VISA,THREE_DS,Corporation Bank,471220,RAZORPAY,268,84.52,79.85,4.67,CYBERSOURCE,420
com.swiggy,CARD,MASTERCARD,THREE_DS,ICICI Bank,524451,RAZORPAY,265,88.69,83.02,5.67,CYBERSOURCE,336
com.swiggy,CARD,VISA,THREE_DS,AU Small Finance Bank,430320,RAZORPAY,265,74.48,68.68,5.8,CYBERSOURCE,435
com.swiggy,CARD,RUPAY,THREE_DS,Ujjivan Small Finance Bank,607008,PAYU,262,73.33,69.85,3.48,RAZORPAY,75
com.swiggy,CARD,VISA,THREE_DS,IndusInd Bank,457467,CYBERSOURCE,261,69.0,63.98,5.02,RAZORPAY,229
com.swiggy,CARD,RUPAY,THREE_DS,Assam Gramin Vikas Bank,508945,PAYU,255,70.43,66.27,4.16,RAZORPAY,115
com.swiggy,CARD,VISA,THREE_DS,Dhanalakshmi Bank,471296,PAYU,255,32.77,27.84,4.93,CYBERSOURCE,1248
com.swiggy,CARD,VISA,THREE_DS,AU Small Finance Bank,429060,RAZORPAY,254,80.54,77.17,3.37,CYBERSOURCE,149
com.swiggy,CARD,RUPAY,THREE_DS,Thane Bharat Sahakari Bank,608292,PAYU,254,73.86,66.93,6.93,RAZORPAY,88
com.swiggy,CARD,RUPAY,THREE_DS,The Mahanagar Cooperative Bank,608226,RAZORPAY,251,80.17,69.72,10.45,PAYU,807
com.swiggy,CARD,VISA,THREE_DS,Citi Bank,455390,RAZORPAY,248,86.67,83.06,3.61,CYBERSOURCE,345
com.swiggy,CARD,RUPAY,THREE_DS,Central Bank of India,652326,RAZORPAY,241,36.78,24.9,11.88,PAYU,639
com.swiggy,CARD,MASTERCARD,THREE_DS,RBL Bank,532571,PAYU,241,55.69,38.17,17.52,RAZORPAY,17933
com.swiggy,CARD,MASTERCARD,THREE_DS,Karur Vysya Bank,521989,CYBERSOURCE,237,66.89,58.23,8.66,RAZORPAY,447
com.swiggy,CARD,RUPAY,THREE_DS,Punjab National Bank,652247,PAYU,233,75.34,67.81,7.53,RAZORPAY,73
com.swiggy,CARD,RUPAY,THREE_DS,The Municipal Cooperative Bank,607143,RAZORPAY,233,80.86,72.1,8.76,PAYU,674
com.swiggy,CARD,RUPAY,THREE_DS,Bank of Baroda,608234,RAZORPAY,233,75.77,66.09,9.68,PAYU,714
com.swiggy,CARD,VISA,THREE_DS,IndusInd Bank,414772,RAZORPAY,232,87.32,82.33,4.99,CYBERSOURCE,213
com.swiggy,CARD,MASTERCARD,THREE_DS,IDBI Bank,559558,RAZORPAY,224,88.54,82.14,6.4,CYBERSOURCE,157
com.swiggy,CARD,MASTERCARD,THREE_DS,HDFC Bank,555153,CYBERSOURCE,223,86.09,79.82,6.27,RAZORPAY,266
com.swiggy,CARD,VISA,THREE_DS,UCO Bank,428320,RAZORPAY,223,85.99,81.17,4.82,CYBERSOURCE,157
com.swiggy,CARD,MASTERCARD,THREE_DS,,559759,RAZORPAY,223,88.52,76.23,12.29,CYBERSOURCE,122
com.swiggy,CARD,VISA,THREE_DS,The Catholic Syrian Bank,438533,CYBERSOURCE,218,79.2,74.31,4.89,RAZORPAY,274
com.swiggy,CARD,VISA,THREE_DS,Axis Bank,436560,CYBERSOURCE,214,82.8,77.57,5.23,RAZORPAY,157
com.swiggy,CARD,MASTERCARD,THREE_DS,SBI,519255,RAZORPAY,212,83.52,76.42,7.1,CYBERSOURCE,522
com.swiggy,CARD,RUPAY,THREE_DS,Nkgsb Cooperative Bank,608113,RAZORPAY,209,73.39,70.33,3.06,PAYU,654
com.swiggy,CARD,RUPAY,THREE_DS,Tamil Nadu Grama Bank,607052,PAYU,209,65.08,58.85,6.23,RAZORPAY,63
com.swiggy,CARD,VISA,THREE_DS,SBI,459201,RAZORPAY,208,85.87,79.81,6.06,CYBERSOURCE,283
com.swiggy,CARD,RUPAY,THREE_DS,The Shamrao Vithal Cooperative Bank,652257,RAZORPAY,205,71.21,66.34,4.87,PAYU,646
com.swiggy,CARD,RUPAY,THREE_DS,Janata Sahakari Bank,607276,RAZORPAY,203,68.9,62.56,6.34,PAYU,611
com.swiggy,CARD,RUPAY,THREE_DS,Bank of Baroda,652230,PAYU,200,72.73,64.5,8.23,RAZORPAY,55
com.swiggy,CARD,RUPAY,THREE_DS,Uttarakhand Gramin Bank,607197,PAYU,200,82.69,74.0,8.69,RAZORPAY,52
com.swiggy,CARD,MASTERCARD,THREE_DS,ICICI Bank,522318,CYBERSOURCE,200,87.95,83.0,4.95,RAZORPAY,83
com.swiggy,CARD,RUPAY,THREE_DS,Baroda UP Bank,607212,PAYU,198,77.92,69.19,8.73,RAZORPAY,77
com.swiggy,CARD,VISA,THREE_DS,Axis Bank,445068,RAZORPAY,197,68.92,56.85,12.07,CYBERSOURCE,325
com.swiggy,CARD,RUPAY,THREE_DS,Tripura Gramin Bank,607065,RAZORPAY,195,67.82,62.56,5.26,PAYU,609
com.swiggy,CARD,RUPAY,THREE_DS,SBI,607434,RAZORPAY,192,86.36,78.13,8.23,PAYU,110
com.swiggy,CARD,VISA,THREE_DS,Dena Bank,437706,RAZORPAY,191,86.89,81.68,5.21,CYBERSOURCE,206
com.swiggy,CARD,RUPAY,THREE_DS,Bangiya Gramin Vikas Bank,608033,PAYU,190,81.97,72.11,9.86,RAZORPAY,61
com.swiggy,CARD,MASTERCARD,THREE_DS,SBI,521106,CYBERSOURCE,188,83.41,77.13,6.28,RAZORPAY,211
com.swiggy,CARD,MASTERCARD,THREE_DS,YES Bank,522306,CYBERSOURCE,188,84.38,79.79,4.59,RAZORPAY,576
com.swiggy,CARD,MASTERCARD,THREE_DS,EUROKARTENSYSTEMEGMBH,543016,CYBERSOURCE,186,68.04,60.22,7.82,RAZORPAY,363
com.swiggy,CARD,VISA,THREE_DS,Axis Bank,431731,CYBERSOURCE,183,64.04,54.64,9.4,RAZORPAY,89
com.swiggy,CARD,VISA,THREE_DS,Deutsche Bank,469643,CYBERSOURCE,182,86.23,77.47,8.76,RAZORPAY,138
com.swiggy,CARD,RUPAY,THREE_DS,Equitas Bank,508523,PAYU,181,81.54,65.19,16.35,RAZORPAY,65
com.swiggy,CARD,VISA,THREE_DS,Bank of Maharashtra,417851,RAZORPAY,181,79.91,75.14,4.77,CYBERSOURCE,214
com.swiggy,CARD,VISA,THREE_DS,Standard Chartered Bank,412903,CYBERSOURCE,180,89.96,86.11,3.85,RAZORPAY,259
com.swiggy,CARD,RUPAY,THREE_DS,SBI,607433,RAZORPAY,179,86.71,80.45,6.26,PAYU,158
com.swiggy,CARD,RUPAY,THREE_DS,Bharati Sahakari Bank,608231,RAZORPAY,177,81.84,76.27,5.57,PAYU,501
com.swiggy,CARD,VISA,THREE_DS,DCB,442437,CYBERSOURCE,176,88.66,84.09,4.57,RAZORPAY,194
com.swiggy,CARD,MASTERCARD,THREE_DS,Citi Bank,541497,RAZORPAY,175,89.82,84.57,5.25,CYBERSOURCE,167
com.swiggy,CARD,RUPAY,THREE_DS,The Greater Bombay Cooperative Bank,607303,RAZORPAY,173,72.81,68.79,4.02,PAYU,456
com.swiggy,CARD,RUPAY,THREE_DS,India Post Payments Bank,608314,RAZORPAY,173,74.02,68.21,5.81,PAYU,485
com.swiggy,CARD,RUPAY,THREE_DS,IDFC Bank,508645,RAZORPAY,172,71.86,59.3,12.56,PAYU,565
com.swiggy,CARD,VISA,THREE_DS,Axis Bank,405995,CYBERSOURCE,169,83.6,80.47,3.13,RAZORPAY,445
com.swiggy,CARD,VISA,THREE_DS,Saraswat Bank,413508,CYBERSOURCE,169,36.76,31.95,4.81,RAZORPAY,253
com.swiggy,CARD,MASTERCARD,THREE_DS,ICICI Bank,542541,CYBERSOURCE,169,80.17,70.41,9.76,RAZORPAY,121
com.swiggy,CARD,MASTERCARD,THREE_DS,RBL Bank,542505,RAZORPAY,167,89.47,83.83,5.64,CYBERSOURCE,361
com.swiggy,CARD,VISA,THREE_DS,SBI Card,412947,RAZORPAY,165,92.86,86.67,6.19,CYBERSOURCE,98
com.swiggy,CARD,VISA,THREE_DS,Corporation Bank,480320,CYBERSOURCE,164,84.47,73.78,10.69,RAZORPAY,747
com.swiggy,CARD,VISA,THREE_DS,AU Small Finance Bank,465523,RAZORPAY,164,88.51,79.27,9.24,CYBERSOURCE,87
com.swiggy,CARD,VISA,THREE_DS,AU Small Finance Bank,466505,RAZORPAY,160,81.67,75.63,6.04,CYBERSOURCE,120
com.swiggy,CARD,RUPAY,THREE_DS,Kalupur Bank,607278,RAZORPAY,158,76.37,67.72,8.65,PAYU,419
com.swiggy,CARD,RUPAY,THREE_DS,The Nainital Bank,508573,PAYU,156,61.05,51.28,9.77,RAZORPAY,95
com.swiggy,CARD,RUPAY,THREE_DS,Janakalyan Sahakari Bank,608235,RAZORPAY,154,78.74,61.04,17.7,PAYU,475
com.swiggy,CARD,VISA,THREE_DS,UCO Bank,457486,RAZORPAY,152,81.15,76.32,4.83,CYBERSOURCE,260
com.swiggy,CARD,MASTERCARD,THREE_DS,City Union Bank,539194,CYBERSOURCE,151,68.94,64.9,4.04,RAZORPAY,132
com.swiggy,CARD,VISA,THREE_DS,HSBC Bank,456719,RAZORPAY,150,86.11,80.67,5.44,CYBERSOURCE,36
com.swiggy,CARD,MASTERCARD,THREE_DS,IDBI Bank,517899,RAZORPAY,149,82.2,79.19,3.01,CYBERSOURCE,118
com.swiggy,CARD,VISA,THREE_DS,ICICI Bank,401920,CYBERSOURCE,148,78.97,74.32,4.65,RAZORPAY,214
com.swiggy,CARD,VISA,THREE_DS,SBI,421687,CYBERSOURCE,148,78.45,66.22,12.23,RAZORPAY,181
com.swiggy,CARD,RUPAY,THREE_DS,Janatha Seva Cooperative Bank,607773,PAYU,148,62.26,50.68,11.58,RAZORPAY,53
com.swiggy,CARD,VISA,THREE_DS,Syndicate Bank,453275,RAZORPAY,148,69.14,65.54,3.6,CYBERSOURCE,81
com.swiggy,NB,NB_DEUT,THREE_DS,NB_DEUT,,PAYU,147,66.67,59.86,6.81,RAZORPAY,513
com.swiggy,CARD,VISA,THREE_DS,Union Bank of India,431733,CYBERSOURCE,143,82.67,75.52,7.15,RAZORPAY,150
com.swiggy,CARD,VISA,THREE_DS,Standard Chartered Bank,484844,RAZORPAY,143,96.35,88.11,8.24,CYBERSOURCE,137
com.swiggy,CARD,VISA,THREE_DS,HDFC Bank,421328,PAYU,142,76.93,45.07,31.86,RAZORPAY,42214
com.swiggy,CARD,VISA,THREE_DS,ICICI Bank,437551,PAYU,141,86.96,83.69,3.27,RAZORPAY,132366
com.swiggy,CARD,MASTERCARD,THREE_DS,Citi Bank,549779,CYBERSOURCE,140,85.35,79.29,6.06,RAZORPAY,157
com.swiggy,CARD,VISA,THREE_DS,Punjab National Bank,462994,CYBERSOURCE,137,77.46,74.45,3.01,RAZORPAY,213
com.swiggy,CARD,VISA,THREE_DS,Bank of India,459845,PAYU,137,80.42,47.45,32.97,RAZORPAY,14047
com.swiggy,CARD,MASTERCARD,THREE_DS,RBL Bank,524373,PAYU,136,84.56,65.44,19.12,RAZORPAY,15431
com.swiggy,CARD,RUPAY,THREE_DS,Bombay Mercantile Cooperative Bank,508722,RAZORPAY,135,73.94,64.44,9.5,PAYU,426
com.swiggy,CARD,MASTERCARD,THREE_DS,SBM Bank,541377,RAZORPAY,134,83.84,78.36,5.48,CYBERSOURCE,198
com.swiggy,CARD,VISA,THREE_DS,SERVICESC.U.,470035,RAZORPAY,133,83.7,70.68,13.02,CYBERSOURCE,135
com.swiggy,CARD,MASTERCARD,THREE_DS,RBL Bank,536907,PAYU,133,83.98,61.65,22.33,RAZORPAY,48681
com.swiggy,CARD,VISA,THREE_DS,HDFC Bank,479947,PAYU,131,71.03,51.91,19.12,CYBERSOURCE,120202
com.swiggy,CARD,RUPAY,THREE_DS,Kokan Mercantile Cooperative Bank,607446,PAYU,131,76.6,68.7,7.9,RAZORPAY,47
com.swiggy,CARD,VISA,THREE_DS,HSBC Bank,486269,PAYU,129,83.06,67.44,15.62,CYBERSOURCE,15622
com.swiggy,CARD,RUPAY,THREE_DS,Pune People Cooperative Bank,607286,PAYU,129,75.61,64.34,11.27,RAZORPAY,41
com.swiggy,CARD,VISA,THREE_DS,Shinhan Bank,471288,CYBERSOURCE,128,94.87,90.63,4.24,RAZORPAY,39
com.swiggy,CARD,MASTERCARD,THREE_DS,Axis Bank,524240,RAZORPAY,128,75.34,70.31,5.03,CYBERSOURCE,146
com.swiggy,CARD,RUPAY,THREE_DS,Kalyan Janata Sahakari Bank,608285,PAYU,127,75.0,60.63,14.37,RAZORPAY,40
com.swiggy,CARD,MASTERCARD,THREE_DS,Citi Bank,519860,RAZORPAY,126,88.15,82.54,5.61,CYBERSOURCE,135
com.swiggy,CARD,VISA,THREE_DS,Axis Bank,490906,RAZORPAY,126,76.04,71.43,4.61,CYBERSOURCE,96
com.swiggy,CARD,VISA,THREE_DS,RBL Bank,459183,RAZORPAY,125,79.09,72.0,7.09,CYBERSOURCE,110
com.swiggy,CARD,MASTERCARD,THREE_DS,Indian Bank,536017,RAZORPAY,123,82.97,78.05,4.92,CYBERSOURCE,276
com.swiggy,CARD,VISA,THREE_DS,SBI,459164,CYBERSOURCE,123,89.57,86.18,3.39,RAZORPAY,690
com.swiggy,CARD,RUPAY,THREE_DS,Bank of Baroda,607075,RAZORPAY,122,75.14,71.31,3.83,PAYU,354
com.swiggy,CARD,MASTERCARD,THREE_DS,SBI,521112,RAZORPAY,120,80.31,75.83,4.48,CYBERSOURCE,386
com.swiggy,CARD,RUPAY,THREE_DS,Karnataka Gramin Bank,607389,RAZORPAY,119,70.19,63.87,6.32,PAYU,322
com.swiggy,CARD,VISA,THREE_DS,Citi Bank,438628,PAYU,118,88.27,66.1,22.17,CYBERSOURCE,141103
com.swiggy,CARD,RUPAY,THREE_DS,North East Small Finance Bank,607929,PAYU,118,82.5,66.1,16.4,RAZORPAY,40
com.swiggy,CARD,RUPAY,THREE_DS,Equitas Bank,508998,RAZORPAY,117,75.07,71.79,3.28,PAYU,353
com.swiggy,CARD,RUPAY,THREE_DS,SBI,607432,PAYU,117,78.36,75.21,3.15,RAZORPAY,134
com.swiggy,CARD,VISA,THREE_DS,SBI,459180,RAZORPAY,115,93.55,89.57,3.98,CYBERSOURCE,93
com.swiggy,CARD,VISA,THREE_DS,Syndicate Bank,409030,CYBERSOURCE,115,74.57,61.74,12.83,RAZORPAY,232
com.swiggy,CARD,VISA,THREE_DS,Canara Bank,477035,CYBERSOURCE,112,84.38,81.25,3.13,RAZORPAY,64
com.swiggy,CARD,MASTERCARD,THREE_DS,Canara Bank,529819,CYBERSOURCE,111,87.34,81.98,5.36,RAZORPAY,79
com.swiggy,CARD,MASTERCARD,THREE_DS,YES Bank,559145,RAZORPAY,109,67.76,59.63,8.13,CYBERSOURCE,152
com.swiggy,CARD,VISA,THREE_DS,Axis Bank,421137,CYBERSOURCE,108,86.67,83.33,3.34,RAZORPAY,315
com.swiggy,CARD,RUPAY,THREE_DS,The A P Mahesh Cooperative Urban Bank,607051,RAZORPAY,105,65.49,61.9,3.59,PAYU,339
com.swiggy,CARD,VISA,THREE_DS,Union Bank of India,453757,CYBERSOURCE,105,87.02,74.29,12.73,RAZORPAY,131
com.swiggy,CARD,VISA,THREE_DS,ICICI Bank,434303,PAYU,101,77.47,55.45,22.02,CYBERSOURCE,30209
com.swiggy,CARD,MASTERCARD,THREE_DS,IndusInd Bank,524480,PAYU,100,82.29,74.0,8.29,RAZORPAY,30445
com.swiggy,CARD,MASTERCARD,THREE_DS,RBL Bank,222922,CYBERSOURCE,100,59.06,43.0,16.06,RAZORPAY,149
com.swiggy,CARD,VISA,THREE_DS,HDFC Bank,471865,CYBERSOURCE,98,95.05,89.8,5.25,RAZORPAY,101
com.swiggy,CARD,RUPAY,THREE_DS,Telangana State Cooperative Apex Bank,608019,RAZORPAY,98,57.7,53.06,4.64,PAYU,331
com.swiggy,CARD,RUPAY,THREE_DS,Thane District Central Cooperative Bank,607160,RAZORPAY,97,41.22,37.11,4.11,PAYU,296
com.swiggy,CARD,VISA,THREE_DS,RBL Bank,459182,CYBERSOURCE,95,83.98,77.89,6.09,RAZORPAY,181
com.swiggy,CARD,VISA,THREE_DS,IndusInd Bank,441285,PAYU,94,81.04,65.96,15.08,CYBERSOURCE,9471
com.swiggy,NB,NB_DEUT,THREE_DS,NB_DEUT,,PAYTM,93,66.67,62.37,4.3,RAZORPAY,513
com.swiggy,CARD,VISA,THREE_DS,SBI,448197,RAZORPAY,92,84.42,79.35,5.07,CYBERSOURCE,199
com.swiggy,CARD,RUPAY,THREE_DS,The Karnataka State Cooperative Apex Bank,607661,RAZORPAY,92,62.45,51.09,11.36,PAYU,245
com.swiggy,CARD,VISA,THREE_DS,Axis Bank,469190,CYBERSOURCE,92,82.61,75.0,7.61,RAZORPAY,92
com.swiggy,CARD,VISA,THREE_DS,Canara Bank,443814,CYBERSOURCE,90,87.5,72.22,15.28,RAZORPAY,80
com.swiggy,CARD,VISA,THREE_DS,IDBI Bank,485069,RAZORPAY,90,86.84,80.0,6.84,CYBERSOURCE,114
com.swiggy,CARD,MASTERCARD,THREE_DS,Central Bank of India,559426,CYBERSOURCE,89,84.48,76.4,8.08,RAZORPAY,58
com.swiggy,CARD,VISA,THREE_DS,ICICI Bank,431581,PAYU,89,87.88,83.15,4.73,RAZORPAY,102555
com.swiggy,CARD,RUPAY,THREE_DS,Punjab National Bank,652214,RAZORPAY,87,73.33,60.92,12.41,PAYU,75
com.swiggy,CARD,VISA,THREE_DS,Standard Chartered Bank,458546,PAYU,87,89.33,81.61,7.72,CYBERSOURCE,19045
com.swiggy,CARD,MASTERCARD,THREE_DS,SBI,510372,PAYU,86,85.13,72.09,13.04,CYBERSOURCE,93636
com.swiggy,CARD,MASTERCARD,THREE_DS,HDFC Bank,541919,PAYU,85,88.27,75.29,12.98,CYBERSOURCE,111105
com.swiggy,CARD,VISA,THREE_DS,ICICI Bank,400782,CYBERSOURCE,85,50.39,47.06,3.33,RAZORPAY,127
com.swiggy,CARD,RUPAY,THREE_DS,IndusInd Bank,607451,PAYU,85,68.89,58.82,10.07,RAZORPAY,45
com.swiggy,CARD,MASTERCARD,THREE_DS,RBL Bank,517215,RAZORPAY,85,90.24,84.71,5.53,CYBERSOURCE,82
com.swiggy,CARD,MASTERCARD,THREE_DS,RBL Bank,525611,PAYU,82,83.11,70.73,12.38,CYBERSOURCE,8502
com.swiggy,CARD,MASTERCARD,THREE_DS,Federal Bank,555942,PAYU,82,81.02,50.0,31.02,CYBERSOURCE,9115
com.swiggy,CARD,VISA,THREE_DS,ICICI Bank,465573,RAZORPAY,79,82.49,72.15,10.34,CYBERSOURCE,217
com.swiggy,CARD,MASTERCARD,THREE_DS,ICICI Bank,524193,PAYU,78,86.51,79.49,7.02,RAZORPAY,22986
com.swiggy,CARD,VISA,THREE_DS,Indian Overseas Bank,471244,PAYTM,78,78.99,53.85,25.14,CYBERSOURCE,8864
com.swiggy,CARD,VISA,THREE_DS,Standard Chartered Bank,412905,RAZORPAY,76,86.58,82.89,3.69,CYBERSOURCE,149
com.swiggy,CARD,VISA,THREE_DS,SBI,459115,PAYU,76,85.0,67.11,17.89,CYBERSOURCE,76095
com.swiggy,CARD,MASTERCARD,THREE_DS,SBI,544585,CYBERSOURCE,74,92.31,83.78,8.53,RAZORPAY,182
com.swiggy,CARD,RUPAY,THREE_DS,Rajkot Nagarik Sahakari Bank,607354,RAZORPAY,74,69.73,64.86,4.87,PAYU,185
com.swiggy,CARD,VISA,THREE_DS,ICICI Bank,465511,RAZORPAY,73,81.68,65.75,15.93,CYBERSOURCE,191
com.swiggy,CARD,RUPAY,THREE_DS,Central Bank of India,652281,PAYU,73,55.14,52.05,3.09,RAZORPAY,107
com.swiggy,CARD,VISA,THREE_DS,State Bank of Mauritius,484441,PAYU,71,92.21,60.56,31.65,PAYTM,77
com.swiggy,CARD,RUPAY,THREE_DS,Kalyan Janata Sahakari Bank,607506,RAZORPAY,69,67.16,60.87,6.29,PAYU,201
com.swiggy,CARD,VISA,THREE_DS,Andhra Bank,459249,CYBERSOURCE,67,90.3,80.6,9.7,RAZORPAY,134
com.swiggy,CARD,VISA,THREE_DS,WOORIBANK,474850,CYBERSOURCE,67,92.75,89.55,3.2,RAZORPAY,69
com.swiggy,CARD,MASTERCARD,THREE_DS,Citi Bank,554637,PAYU,67,86.92,82.09,4.83,CYBERSOURCE,19076
com.swiggy,CARD,MASTERCARD,THREE_DS,Canara Bank,524715,CYBERSOURCE,67,79.65,59.7,19.95,RAZORPAY,113
com.swiggy,CARD,VISA,THREE_DS,HDFC Bank,416317,CYBERSOURCE,67,67.62,64.18,3.44,RAZORPAY,105
com.swiggy,CARD,MASTERCARD,THREE_DS,,222855,CYBERSOURCE,66,69.68,50.0,19.68,RAZORPAY,221
com.swiggy,CARD,VISA,THREE_DS,DBS Bank,450170,RAZORPAY,66,90.44,83.33,7.11,CYBERSOURCE,502
com.swiggy,CARD,VISA,THREE_DS,SBI,459200,PAYU,64,85.78,56.25,29.53,CYBERSOURCE,85420
com.swiggy,CARD,VISA,THREE_DS,SBI,459174,CYBERSOURCE,63,88.17,84.13,4.04,RAZORPAY,93
com.swiggy,CARD,RUPAY,THREE_DS,Meghalaya Rural Bank,607206,RAZORPAY,62,66.15,61.29,4.86,PAYU,192
com.swiggy,CARD,RUPAY,THREE_DS,The Goa Urban Cooperative Bank,607277,RAZORPAY,62,77.2,67.74,9.46,PAYU,193
com.swiggy,CARD,RUPAY,THREE_DS,The Accountant Generals Office Employees Cooperative Bank,607350,RAZORPAY,61,78.14,63.93,14.21,PAYU,183
com.swiggy,CARD,RUPAY,THREE_DS,Canara Bank,608201,RAZORPAY,61,75.41,68.85,6.56,PAYU,305
com.swiggy,CARD,RUPAY,THREE_DS,The Surat Peoples Cooperative Bank,608250,RAZORPAY,60,73.1,63.33,9.77,PAYU,197
com.swiggy,CARD,VISA,THREE_DS,AU Bank,430421,RAZORPAY,60,79.69,75.0,4.69,CYBERSOURCE,192
com.swiggy,CARD,MASTERCARD,THREE_DS,SBI,559601,PAYU,60,86.22,65.0,21.22,CYBERSOURCE,59181
com.swiggy,CARD,VISA,THREE_DS,HDFC Bank,436152,CYBERSOURCE,59,91.84,86.44,5.4,RAZORPAY,196
com.swiggy,CARD,VISA,THREE_DS,HSBC Bank,447692,CYBERSOURCE,59,80.61,71.19,9.42,RAZORPAY,789
com.swiggy,CARD,MASTERCARD,THREE_DS,Bank of India,527759,CYBERSOURCE,58,83.08,72.41,10.67,RAZORPAY,65
com.swiggy,CARD,MASTERCARD,THREE_DS,Indian Bank,536038,CYBERSOURCE,57,73.91,68.42,5.49,RAZORPAY,92
com.swiggy,CARD,RUPAY,THREE_DS,Arvind Sahakari Bank,508650,RAZORPAY,57,72.43,64.91,7.52,PAYU,185
com.swiggy,CARD,MASTERCARD,THREE_DS,Citi Bank,527274,CYBERSOURCE,57,90.32,84.21,6.11,RAZORPAY,93
com.swiggy,CARD,VISA,THREE_DS,SBI,459247,RAZORPAY,56,92.93,85.71,7.22,CYBERSOURCE,311
com.swiggy,CARD,MASTERCARD,THREE_DS,HDFC Bank,552274,CYBERSOURCE,55,87.66,80.0,7.66,RAZORPAY,308
com.swiggy,CARD,RUPAY,THREE_DS,Zoroastrian Cooperative Bank,607319,RAZORPAY,55,72.29,61.82,10.47,PAYU,166
com.swiggy,CARD,VISA,THREE_DS,Federal Bank,457474,RAZORPAY,54,84.62,81.48,3.14,CYBERSOURCE,52
com.swiggy,CARD,MASTERCARD,THREE_DS,ICICI Bank,542464,CYBERSOURCE,54,82.28,66.67,15.61,RAZORPAY,79
com.swiggy,CARD,VISA,THREE_DS,IndusInd Bank,436393,PAYU,54,81.0,77.78,3.22,RAZORPAY,17372
com.swiggy,CARD,RUPAY,THREE_DS,Tirupati Urban Cooperative Bank,607147,RAZORPAY,53,73.23,69.81,3.42,PAYU,127
com.swiggy,CARD,RUPAY,THREE_DS,Model Cooperative Bank,607304,RAZORPAY,53,76.25,69.81,6.44,PAYU,160
com.swiggy,CARD,MASTERCARD,THREE_DS,Standard Chartered Bank,544438,PAYU,53,90.82,77.36,13.46,CYBERSOURCE,5024
com.swiggy,CARD,RUPAY,THREE_DS,Rajasthan Marudhara Gramin Bank,607509,RAZORPAY,52,81.12,69.23,11.89,PAYU,143
com.swiggy,CARD,VISA,THREE_DS,Deutsche Bank,498808,RAZORPAY,52,85.05,80.77,4.28,CYBERSOURCE,107
com.swiggy,CARD,VISA,THREE_DS,ICICI Bank,472254,PAYU,52,83.49,73.08,10.41,RAZORPAY,34538
com.swiggy,CARD,MASTERCARD,THREE_DS,ICICI Bank,529374,RAZORPAY,51,86.49,60.78,25.71,CYBERSOURCE,148
com.swiggy,CARD,VISA,THREE_DS,Axis Bank,425880,RAZORPAY,51,87.56,82.35,5.21,CYBERSOURCE,217
com.swiggy,CARD,MASTERCARD,THREE_DS,Citi Bank,549777,PAYU,51,86.56,58.82,27.74,RAZORPAY,43831
com.swiggy,CARD,DINERS,THREE_DS,HDFC Bank,360886,PAYU,51,91.35,84.31,7.04,RAZORPAY,63241
com.swiggy,CARD,MASTERCARD,THREE_DS,HSBC Bank,512916,CYBERSOURCE,51,83.17,68.63,14.54,RAZORPAY,101
com.swiggy,CARD,VISA,THREE_DS,Axis Bank,409542,CYBERSOURCE,49,83.13,77.55,5.58,RAZORPAY,83
com.swiggy,CARD,VISA,THREE_DS,SBI,459160,RAZORPAY,48,91.91,83.33,8.58,CYBERSOURCE,136
com.swiggy,CARD,RUPAY,THREE_DS,New India Cooperative Bank,652234,RAZORPAY,46,81.75,71.74,10.01,PAYU,137
com.swiggy,CARD,VISA,THREE_DS,Bank of Baroda,462491,CYBERSOURCE,46,89.52,78.26,11.26,RAZORPAY,105
com.swiggy,CARD,VISA,THREE_DS,,436391,CYBERSOURCE,45,95.0,80.0,15.0,RAZORPAY,80
com.swiggy,CARD,VISA,THREE_DS,SBI,459170,CYBERSOURCE,44,89.9,84.09,5.81,RAZORPAY,198
com.swiggy,CARD,RUPAY,THREE_DS,Ace Cooperative Bank,607186,RAZORPAY,44,84.85,72.73,12.12,PAYU,132
com.swiggy,CARD,VISA,THREE_DS,Standard Chartered Bank,436596,RAZORPAY,43,94.0,88.37,5.63,CYBERSOURCE,100
com.swiggy,CARD,MASTERCARD,THREE_DS,Citi Bank,544170,RAZORPAY,42,83.13,78.57,4.56,CYBERSOURCE,83
com.swiggy,CARD,MASTERCARD,THREE_DS,HSBC Bank,542207,CYBERSOURCE,42,82.29,73.81,8.48,RAZORPAY,96
com.swiggy,CARD,RUPAY,THREE_DS,Canara Bank,652884,RAZORPAY,41,79.84,75.61,4.23,PAYU,124
com.swiggy,CARD,VISA,THREE_DS,SBI,412947,CYBERSOURCE,40,95.92,87.5,8.42,RAZORPAY,98
com.swiggy,CARD,VISA,THREE_DS,,470496,CYBERSOURCE,39,87.1,79.49,7.61,RAZORPAY,62
com.swiggy,CARD,VISA,THREE_DS,SBI,459179,RAZORPAY,35,89.58,85.71,3.87,CYBERSOURCE,96
